transient,type
tran_000000,1
tran_000001,0
tran_000002,0
tran_000003,0
tran_000004,0
tran_000005,0
tran_000006,0
tran_000007,0
tran_000008,0
tran_000009,0
tran_000010,0
tran_000011,0
tran_000012,0
tran_000013,0
tran_000014,0
tran_000015,2
tran_000016,0
tran_000017,0
tran_000018,0
tran_000019,0
tran_000020,0
tran_000021,0
tran_000022,0
tran_000023,0
tran_000024,0
tran_000025,0
tran_000026,0
tran_000027,0
tran_000028,0
tran_000029,0
tran_000030,0
tran_000031,0
tran_000032,0
tran_000033,3
tran_000034,0
tran_000035,0
tran_000036,0
tran_000037,0
tran_000038,0
tran_000039,5
tran_000040,0
tran_000041,0
tran_000042,0
tran_000043,0
tran_000044,0
tran_000045,0
tran_000046,0
tran_000047,0
tran_000048,0
tran_000049,0
tran_000050,0
tran_000051,0
tran_000052,0
tran_000053,0
tran_000054,0
tran_000055,0
tran_000056,0
tran_000057,0
tran_000058,0
tran_000059,0
tran_000060,0
tran_000061,0
tran_000062,0
tran_000063,0
tran_000064,0
tran_000065,0
tran_000066,0
tran_000067,0
tran_000068,0
tran_000069,0
tran_000070,0
tran_000071,0
tran_000072,0
tran_000073,0
tran_000074,0
tran_000075,0
tran_000076,3
tran_000077,0
tran_000078,0
tran_000079,0
tran_000080,0
tran_000081,0
tran_000082,0
tran_000083,0
tran_000084,0
tran_000085,0
tran_000086,0
tran_000087,0
tran_000088,0
tran_000089,0
tran_000090,0
tran_000091,0
tran_000092,0
tran_000093,0
tran_000094,0
tran_000095,0
tran_000096,0
tran_000097,0
tran_000098,0
tran_000099,0
tran_000100,0
tran_000101,0
tran_000102,0
tran_000103,5
tran_000104,0
tran_000105,0
tran_000106,0
tran_000107,0
tran_000108,0
tran_000109,0
tran_000110,0
tran_000111,0
tran_000112,6
tran_000113,0
tran_000114,0
tran_000115,0
tran_000116,0
tran_000117,0
tran_000118,0
tran_000119,0
tran_000120,0
tran_000121,0
tran_000122,0
tran_000123,0
tran_000124,0
tran_000125,0
tran_000126,0
tran_000127,0
tran_000128,0
tran_000129,0
tran_000130,0
tran_000131,0
tran_000132,0
tran_000133,0
tran_000134,0
tran_000135,0
tran_000136,0
tran_000137,0
tran_000138,0
tran_000139,0
tran_000140,0
tran_000141,0
tran_000142,0
tran_000143,0
tran_000144,0
tran_000145,0
tran_000146,0
tran_000147,7
tran_000148,0
tran_000149,0
tran_000150,0
tran_000151,0
tran_000152,0
tran_000153,0
tran_000154,0
tran_000155,0
tran_000156,0
tran_000157,0
tran_000158,0
tran_000159,0
tran_000160,0
tran_000161,0
tran_000162,0
tran_000163,0
tran_000164,0
tran_000165,0
tran_000166,0
tran_000167,0
tran_000168,0
tran_000169,0
tran_000170,3
tran_000171,4
tran_000172,0
tran_000173,0
tran_000174,0
tran_000175,0
tran_000176,0
tran_000177,0
tran_000178,0
tran_000179,0
tran_000180,0
tran_000181,0
tran_000182,0
tran_000183,0
tran_000184,0
tran_000185,3
tran_000186,0
tran_000187,0
tran_000188,0
tran_000189,0
tran_000190,0
tran_000191,0
tran_000192,0
tran_000193,0
tran_000194,0
tran_000195,0
tran_000196,2
tran_000197,0
tran_000198,0
tran_000199,0
tran_000200,0
tran_000201,0
tran_000202,0
tran_000203,0
tran_000204,0
tran_000205,0
tran_000206,0
tran_000207,0
tran_000208,0
tran_000209,0
tran_000210,0
tran_000211,0
tran_000212,0
tran_000213,0
tran_000214,0
tran_000215,0
tran_000216,0
tran_000217,0
tran_000218,0
tran_000219,0
tran_000220,0
tran_000221,0
tran_000222,0
tran_000223,0
tran_000224,0
tran_000225,0
tran_000226,0
tran_000227,0
tran_000228,0
tran_000229,0
tran_000230,0
tran_000231,0
tran_000232,5
tran_000233,0
tran_000234,0
tran_000235,0
tran_000236,3
tran_000237,3
tran_000238,0
tran_000239,0
tran_000240,0
tran_000241,0
tran_000242,3
tran_000243,0
tran_000244,0
tran_000245,0
tran_000246,0
tran_000247,0
tran_000248,0
tran_000249,0
tran_000250,0
tran_000251,0
tran_000252,0
tran_000253,0
tran_000254,0
tran_000255,0
tran_000256,0
tran_000257,0
tran_000258,5
tran_000259,0
tran_000260,0
tran_000261,0
tran_000262,0
tran_000263,5
tran_000264,0
tran_000265,0
tran_000266,0
tran_000267,0
tran_000268,0
tran_000269,0
tran_000270,0
tran_000271,2
tran_000272,0
tran_000273,0
tran_000274,0
tran_000275,0
tran_000276,0
tran_000277,0
tran_000278,0
tran_000279,0
tran_000280,0
tran_000281,0
tran_000282,0
tran_000283,0
tran_000284,0
tran_000285,0
tran_000286,0
tran_000287,0
tran_000288,0
tran_000289,0
tran_000290,0
tran_000291,0
tran_000292,0
tran_000293,0
tran_000294,0
tran_000295,0
tran_000296,0
tran_000297,0
tran_000298,0
tran_000299,0
tran_000300,0
tran_000301,0
tran_000302,0
tran_000303,0
tran_000304,0
tran_000305,0
tran_000306,0
tran_000307,0
tran_000308,0
tran_000309,0
tran_000310,0
tran_000311,0
tran_000312,0
tran_000313,0
tran_000314,0
tran_000315,0
tran_000316,0
tran_000317,0
tran_000318,0
tran_000319,0
tran_000320,0
tran_000321,0
tran_000322,0
tran_000323,0
tran_000324,0
tran_000325,0
tran_000326,0
tran_000327,0
tran_000328,0
tran_000329,0
tran_000330,0
tran_000331,0
tran_000332,0
tran_000333,0
tran_000334,0
tran_000335,0
tran_000336,0
tran_000337,0
tran_000338,2
tran_000339,0
tran_000340,0
tran_000341,0
tran_000342,0
tran_000343,0
tran_000344,0
tran_000345,0
tran_000346,0
tran_000347,0
tran_000348,2
tran_000349,0
tran_000350,0
tran_000351,0
tran_000352,0
tran_000353,0
tran_000354,0
tran_000355,0
tran_000356,0
tran_000357,0
tran_000358,0
tran_000359,0
tran_000360,0
tran_000361,0
tran_000362,0
tran_000363,0
tran_000364,0
tran_000365,0
tran_000366,0
tran_000367,0
tran_000368,0
tran_000369,0
tran_000370,0
tran_000371,0
tran_000372,0
tran_000373,0
tran_000374,0
tran_000375,0
tran_000376,0
tran_000377,0
tran_000378,0
tran_000379,0
tran_000380,0
tran_000381,0
tran_000382,0
tran_000383,0
tran_000384,0
tran_000385,0
tran_000386,0
tran_000387,2
tran_000388,3
tran_000389,0
tran_000390,0
tran_000391,0
tran_000392,0
tran_000393,0
tran_000394,0
tran_000395,0
tran_000396,0
tran_000397,0
tran_000398,0
tran_000399,0
tran_000400,0
tran_000401,0
tran_000402,0
tran_000403,0
tran_000404,0
tran_000405,0
tran_000406,0
tran_000407,0
tran_000408,0
tran_000409,0
tran_000410,0
tran_000411,0
tran_000412,0
tran_000413,0
tran_000414,0
tran_000415,0
tran_000416,3
tran_000417,0
tran_000418,0
tran_000419,0
tran_000420,0
tran_000421,0
tran_000422,0
tran_000423,0
tran_000424,0
tran_000425,0
tran_000426,0
tran_000427,0
tran_000428,0
tran_000429,0
tran_000430,0
tran_000431,0
tran_000432,0
tran_000433,0
tran_000434,0
tran_000435,0
tran_000436,0
tran_000437,0
tran_000438,0
tran_000439,0
tran_000440,2
tran_000441,0
tran_000442,0
tran_000443,0
tran_000444,0
tran_000445,0
tran_000446,0
tran_000447,0
tran_000448,0
tran_000449,0
tran_000450,0
tran_000451,0
tran_000452,0
tran_000453,2
tran_000454,0
tran_000455,0
tran_000456,0
tran_000457,0
tran_000458,0
tran_000459,0
tran_000460,0
tran_000461,0
tran_000462,0
tran_000463,0
tran_000464,0
tran_000465,0
tran_000466,5
tran_000467,0
tran_000468,0
tran_000469,0
tran_000470,0
tran_000471,0
tran_000472,0
tran_000473,0
tran_000474,3
tran_000475,0
tran_000476,0
tran_000477,0
tran_000478,0
tran_000479,0
tran_000480,2
tran_000481,0
tran_000482,2
tran_000483,0
tran_000484,0
tran_000485,0
tran_000486,0
tran_000487,0
tran_000488,2
tran_000489,5
tran_000490,0
tran_000491,0
tran_000492,0
tran_000493,0
tran_000494,0
tran_000495,0
tran_000496,0
tran_000497,0
tran_000498,0
tran_000499,0
tran_000500,0
tran_000501,0
tran_000502,0
tran_000503,0
tran_000504,0
tran_000505,0
tran_000506,0
tran_000507,0
tran_000508,0
tran_000509,0
tran_000510,0
tran_000511,0
tran_000512,0
tran_000513,0
tran_000514,0
tran_000515,0
tran_000516,5
tran_000517,2
tran_000518,0
tran_000519,0
tran_000520,0
tran_000521,0
tran_000522,0
tran_000523,0
tran_000524,0
tran_000525,0
tran_000526,0
tran_000527,0
tran_000528,0
tran_000529,0
tran_000530,0
tran_000531,0
tran_000532,0
tran_000533,0
tran_000534,0
tran_000535,0
tran_000536,0
tran_000537,0
tran_000538,0
tran_000539,0
tran_000540,0
tran_000541,0
tran_000542,3
tran_000543,0
tran_000544,0
tran_000545,0
tran_000546,0
tran_000547,0
tran_000548,0
tran_000549,0
tran_000550,0
tran_000551,0
tran_000552,0
tran_000553,0
tran_000554,3
tran_000555,0
tran_000556,0
tran_000557,0
tran_000558,0
tran_000559,0
tran_000560,0
tran_000561,0
tran_000562,0
tran_000563,0
tran_000564,0
tran_000565,0
tran_000566,0
tran_000567,0
tran_000568,0
tran_000569,0
tran_000570,0
tran_000571,0
tran_000572,0
tran_000573,0
tran_000574,0
tran_000575,0
tran_000576,0
tran_000577,0
tran_000578,0
tran_000579,0
tran_000580,0
tran_000581,0
tran_000582,0
tran_000583,0
tran_000584,0
tran_000585,0
tran_000586,0
tran_000587,0
tran_000588,0
tran_000589,0
tran_000590,0
tran_000591,0
tran_000592,0
tran_000593,0
tran_000594,0
tran_000595,0
tran_000596,0
tran_000597,0
tran_000598,0
tran_000599,0
tran_000600,0
tran_000601,0
tran_000602,0
tran_000603,0
tran_000604,6
tran_000605,0
tran_000606,0
tran_000607,0
tran_000608,0
tran_000609,0
tran_000610,0
tran_000611,0
tran_000612,0
tran_000613,0
tran_000614,0
tran_000615,0
tran_000616,0
tran_000617,0
tran_000618,0
tran_000619,0
tran_000620,0
tran_000621,0
tran_000622,0
tran_000623,0
tran_000624,0
tran_000625,0
tran_000626,0
tran_000627,0
tran_000628,0
tran_000629,0
tran_000630,0
tran_000631,0
tran_000632,0
tran_000633,0
tran_000634,0
tran_000635,0
tran_000636,0
tran_000637,0
tran_000638,0
tran_000639,0
tran_000640,0
tran_000641,0
tran_000642,0
tran_000643,0
tran_000644,0
tran_000645,0
tran_000646,0
tran_000647,0
tran_000648,0
tran_000649,0
tran_000650,0
tran_000651,0
tran_000652,0
tran_000653,0
tran_000654,0
tran_000655,0
tran_000656,0
tran_000657,0
tran_000658,0
tran_000659,0
tran_000660,0
tran_000661,0
tran_000662,0
tran_000663,0
tran_000664,0
tran_000665,0
tran_000666,0
tran_000667,0
tran_000668,0
tran_000669,0
tran_000670,0
tran_000671,0
tran_000672,0
tran_000673,0
tran_000674,0
tran_000675,3
tran_000676,0
tran_000677,0
tran_000678,0
tran_000679,0
tran_000680,0
tran_000681,0
tran_000682,0
tran_000683,0
tran_000684,0
tran_000685,0
tran_000686,0
tran_000687,0
tran_000688,0
tran_000689,0
tran_000690,0
tran_000691,0
tran_000692,2
tran_000693,0
tran_000694,0
tran_000695,0
tran_000696,0
tran_000697,0
tran_000698,0
tran_000699,0
tran_000700,0
tran_000701,0
tran_000702,0
tran_000703,0
tran_000704,0
tran_000705,0
tran_000706,0
tran_000707,0
tran_000708,0
tran_000709,0
tran_000710,0
tran_000711,0
tran_000712,0
tran_000713,0
tran_000714,0
tran_000715,0
tran_000716,0
tran_000717,0
tran_000718,0
tran_000719,7
tran_000720,0
tran_000721,0
tran_000722,0
tran_000723,0
tran_000724,0
tran_000725,0
tran_000726,5
tran_000727,0
tran_000728,0
tran_000729,0
tran_000730,0
tran_000731,0
tran_000732,0
tran_000733,6
tran_000734,3
tran_000735,0
tran_000736,0
tran_000737,0
tran_000738,0
tran_000739,0
tran_000740,0
tran_000741,0
tran_000742,0
tran_000743,0
tran_000744,0
tran_000745,0
tran_000746,0
tran_000747,0
tran_000748,0
tran_000749,0
tran_000750,0
tran_000751,0
tran_000752,0
tran_000753,0
tran_000754,0
tran_000755,0
tran_000756,0
tran_000757,0
tran_000758,0
tran_000759,0
tran_000760,0
tran_000761,0
tran_000762,0
tran_000763,0
tran_000764,0
tran_000765,2
tran_000766,0
tran_000767,0
tran_000768,0
tran_000769,0
tran_000770,0
tran_000771,0
tran_000772,0
tran_000773,0
tran_000774,0
tran_000775,0
tran_000776,2
tran_000777,0
tran_000778,0
tran_000779,5
tran_000780,0
tran_000781,0
tran_000782,0
tran_000783,0
tran_000784,0
tran_000785,0
tran_000786,0
tran_000787,0
tran_000788,0
tran_000789,6
tran_000790,0
tran_000791,0
tran_000792,0
tran_000793,0
tran_000794,0
tran_000795,0
tran_000796,0
tran_000797,0
tran_000798,0
tran_000799,0
tran_000800,0
tran_000801,0
tran_000802,0
tran_000803,0
tran_000804,0
tran_000805,0
tran_000806,0
tran_000807,0
tran_000808,0
tran_000809,0
tran_000810,0
tran_000811,0
tran_000812,0
tran_000813,0
tran_000814,0
tran_000815,0
tran_000816,0
tran_000817,0
tran_000818,0
tran_000819,0
tran_000820,3
tran_000821,0
tran_000822,5
tran_000823,0
tran_000824,0
tran_000825,0
tran_000826,0
tran_000827,0
tran_000828,0
tran_000829,0
tran_000830,0
tran_000831,0
tran_000832,0
tran_000833,0
tran_000834,0
tran_000835,0
tran_000836,0
tran_000837,0
tran_000838,6
tran_000839,0
tran_000840,5
tran_000841,7
tran_000842,0
tran_000843,0
tran_000844,0
tran_000845,0
tran_000846,0
tran_000847,0
tran_000848,0
tran_000849,0
tran_000850,0
tran_000851,0
tran_000852,0
tran_000853,0
tran_000854,0
tran_000855,0
tran_000856,0
tran_000857,0
tran_000858,0
tran_000859,0
tran_000860,0
tran_000861,0
tran_000862,0
tran_000863,0
tran_000864,0
tran_000865,0
tran_000866,0
tran_000867,0
tran_000868,0
tran_000869,3
tran_000870,0
tran_000871,0
tran_000872,0
tran_000873,0
tran_000874,0
tran_000875,0
tran_000876,0
tran_000877,2
tran_000878,7
tran_000879,0
tran_000880,0
tran_000881,0
tran_000882,0
tran_000883,0
tran_000884,0
tran_000885,0
tran_000886,0
tran_000887,0
tran_000888,0
tran_000889,0
tran_000890,0
tran_000891,0
tran_000892,0
tran_000893,0
tran_000894,0
tran_000895,0
tran_000896,0
tran_000897,0
tran_000898,0
tran_000899,0
tran_000900,0
tran_000901,0
tran_000902,0
tran_000903,0
tran_000904,3
tran_000905,0
tran_000906,0
tran_000907,0
tran_000908,0
tran_000909,0
tran_000910,0
tran_000911,0
tran_000912,0
tran_000913,2
tran_000914,0
tran_000915,0
tran_000916,0
tran_000917,0
tran_000918,2
tran_000919,0
tran_000920,0
tran_000921,0
tran_000922,0
tran_000923,0
tran_000924,5
tran_000925,0
tran_000926,0
tran_000927,0
tran_000928,0
tran_000929,0
tran_000930,0
tran_000931,0
tran_000932,2
tran_000933,5
tran_000934,0
tran_000935,0
tran_000936,0
tran_000937,0
tran_000938,0
tran_000939,0
tran_000940,0
tran_000941,0
tran_000942,0
tran_000943,0
tran_000944,0
tran_000945,0
tran_000946,0
tran_000947,0
tran_000948,0
tran_000949,0
tran_000950,0
tran_000951,0
tran_000952,0
tran_000953,0
tran_000954,5
tran_000955,0
tran_000956,0
tran_000957,0
tran_000958,0
tran_000959,0
tran_000960,0
tran_000961,0
tran_000962,0
tran_000963,0
tran_000964,0
tran_000965,0
tran_000966,0
tran_000967,0
tran_000968,0
tran_000969,0
tran_000970,2
tran_000971,0
tran_000972,0
tran_000973,0
tran_000974,5
tran_000975,0
tran_000976,0
tran_000977,0
tran_000978,0
tran_000979,0
tran_000980,0
tran_000981,0
tran_000982,0
tran_000983,0
tran_000984,0
tran_000985,0
tran_000986,0
tran_000987,2
tran_000988,0
tran_000989,0
tran_000990,0
tran_000991,0
tran_000992,0
tran_000993,0
tran_000994,0
tran_000995,0
tran_000996,0
tran_000997,0
tran_000998,0
tran_000999,0
tran_001000,0
tran_001001,0
tran_001002,0
tran_001003,0
tran_001004,0
tran_001005,0
tran_001006,0
tran_001007,0
tran_001008,0
tran_001009,0
tran_001010,0
tran_001011,0
tran_001012,0
tran_001013,0
tran_001014,3
tran_001015,0
tran_001016,0
tran_001017,0
tran_001018,0
tran_001019,0
tran_001020,0
tran_001021,0
tran_001022,0
tran_001023,0
tran_001024,0
tran_001025,0
tran_001026,0
tran_001027,0
tran_001028,0
tran_001029,0
tran_001030,0
tran_001031,0
tran_001032,0
tran_001033,0
tran_001034,0
tran_001035,0
tran_001036,0
tran_001037,0
tran_001038,0
tran_001039,0
tran_001040,0
tran_001041,0
tran_001042,0
tran_001043,2
tran_001044,0
tran_001045,0
tran_001046,0
tran_001047,0
tran_001048,0
tran_001049,0
tran_001050,0
tran_001051,0
tran_001052,0
tran_001053,0
tran_001054,0
tran_001055,0
tran_001056,0
tran_001057,0
tran_001058,0
tran_001059,0
tran_001060,0
tran_001061,0
tran_001062,0
tran_001063,0
tran_001064,0
tran_001065,0
tran_001066,3
tran_001067,0
tran_001068,5
tran_001069,0
tran_001070,0
tran_001071,0
tran_001072,0
tran_001073,0
tran_001074,0
tran_001075,0
tran_001076,0
tran_001077,0
tran_001078,0
tran_001079,2
tran_001080,0
tran_001081,0
tran_001082,0
tran_001083,0
tran_001084,0
tran_001085,2
tran_001086,3
tran_001087,0
tran_001088,0
tran_001089,3
tran_001090,0
tran_001091,0
tran_001092,0
tran_001093,0
tran_001094,0
tran_001095,0
tran_001096,0
tran_001097,0
tran_001098,0
tran_001099,0
tran_001100,0
tran_001101,0
tran_001102,0
tran_001103,0
tran_001104,0
tran_001105,0
tran_001106,0
tran_001107,0
tran_001108,0
tran_001109,3
tran_001110,5
tran_001111,0
tran_001112,0
tran_001113,0
tran_001114,0
tran_001115,0
tran_001116,0
tran_001117,0
tran_001118,0
tran_001119,0
tran_001120,0
tran_001121,0
tran_001122,0
tran_001123,0
tran_001124,0
tran_001125,0
tran_001126,0
tran_001127,0
tran_001128,0
tran_001129,0
tran_001130,0
tran_001131,0
tran_001132,0
tran_001133,0
tran_001134,0
tran_001135,0
tran_001136,0
tran_001137,0
tran_001138,0
tran_001139,0
tran_001140,0
tran_001141,0
tran_001142,0
tran_001143,0
tran_001144,0
tran_001145,0
tran_001146,0
tran_001147,0
tran_001148,0
tran_001149,0
tran_001150,0
tran_001151,0
tran_001152,0
tran_001153,0
tran_001154,0
tran_001155,0
tran_001156,0
tran_001157,0
tran_001158,0
tran_001159,0
tran_001160,0
tran_001161,0
tran_001162,5
tran_001163,0
tran_001164,0
tran_001165,0
tran_001166,0
tran_001167,0
tran_001168,0
tran_001169,0
tran_001170,0
tran_001171,0
tran_001172,0
tran_001173,0
tran_001174,0
tran_001175,0
tran_001176,0
tran_001177,0
tran_001178,0
tran_001179,0
tran_001180,0
tran_001181,0
tran_001182,0
tran_001183,0
tran_001184,0
tran_001185,4
tran_001186,0
tran_001187,0
tran_001188,0
tran_001189,0
tran_001190,0
tran_001191,0
tran_001192,0
tran_001193,0
tran_001194,0
tran_001195,0
tran_001196,0
tran_001197,0
tran_001198,0
tran_001199,0
tran_001200,2
tran_001201,0
tran_001202,0
tran_001203,0
tran_001204,0
tran_001205,0
tran_001206,0
tran_001207,0
tran_001208,0
tran_001209,0
tran_001210,0
tran_001211,0
tran_001212,0
tran_001213,0
tran_001214,0
tran_001215,0
tran_001216,0
tran_001217,0
tran_001218,0
tran_001219,0
tran_001220,0
tran_001221,0
tran_001222,0
tran_001223,0
tran_001224,0
tran_001225,0
tran_001226,0
tran_001227,0
tran_001228,0
tran_001229,6
tran_001230,0
tran_001231,0
tran_001232,0
tran_001233,3
tran_001234,0
tran_001235,3
tran_001236,0
tran_001237,0
tran_001238,0
tran_001239,0
tran_001240,0
tran_001241,0
tran_001242,0
tran_001243,0
tran_001244,0
tran_001245,0
tran_001246,0
tran_001247,0
tran_001248,0
tran_001249,0
tran_001250,0
tran_001251,0
tran_001252,0
tran_001253,0
tran_001254,0
tran_001255,0
tran_001256,3
tran_001257,0
tran_001258,0
tran_001259,0
tran_001260,0
tran_001261,0
tran_001262,0
tran_001263,0
tran_001264,0
tran_001265,0
tran_001266,0
tran_001267,0
tran_001268,2
tran_001269,0
tran_001270,0
tran_001271,0
tran_001272,0
tran_001273,0
tran_001274,0
tran_001275,0
tran_001276,0
tran_001277,0
tran_001278,0
tran_001279,0
tran_001280,0
tran_001281,0
tran_001282,0
tran_001283,0
tran_001284,0
tran_001285,0
tran_001286,0
tran_001287,2
tran_001288,0
tran_001289,0
tran_001290,0
tran_001291,0
tran_001292,0
tran_001293,0
tran_001294,0
tran_001295,0
tran_001296,0
tran_001297,0
tran_001298,0
tran_001299,0
tran_001300,0
tran_001301,0
tran_001302,0
tran_001303,0
tran_001304,2
tran_001305,0
tran_001306,0
tran_001307,0
tran_001308,0
tran_001309,0
tran_001310,0
tran_001311,0
tran_001312,0
tran_001313,0
tran_001314,0
tran_001315,0
tran_001316,0
tran_001317,0
tran_001318,0
tran_001319,0
tran_001320,2
tran_001321,0
tran_001322,0
tran_001323,0
tran_001324,0
tran_001325,0
tran_001326,0
tran_001327,0
tran_001328,0
tran_001329,3
tran_001330,5
tran_001331,0
tran_001332,0
tran_001333,0
tran_001334,0
tran_001335,0
tran_001336,0
tran_001337,0
tran_001338,0
tran_001339,0
tran_001340,5
tran_001341,2
tran_001342,0
tran_001343,0
tran_001344,0
tran_001345,0
tran_001346,3
tran_001347,0
tran_001348,0
tran_001349,0
tran_001350,0
tran_001351,3
tran_001352,0
tran_001353,0
tran_001354,0
tran_001355,0
tran_001356,0
tran_001357,0
tran_001358,0
tran_001359,0
tran_001360,5
tran_001361,0
tran_001362,0
tran_001363,0
tran_001364,0
tran_001365,3
tran_001366,3
tran_001367,0
tran_001368,2
tran_001369,0
tran_001370,3
tran_001371,0
tran_001372,0
tran_001373,2
tran_001374,0
tran_001375,0
tran_001376,0
tran_001377,0
tran_001378,0
tran_001379,0
tran_001380,0
tran_001381,0
tran_001382,0
tran_001383,0
tran_001384,0
tran_001385,0
tran_001386,0
tran_001387,0
tran_001388,0
tran_001389,0
tran_001390,0
tran_001391,0
tran_001392,0
tran_001393,0
tran_001394,0
tran_001395,0
tran_001396,0
tran_001397,0
tran_001398,0
tran_001399,0
tran_001400,0
tran_001401,7
tran_001402,0
tran_001403,3
tran_001404,0
tran_001405,0
tran_001406,0
tran_001407,0
tran_001408,0
tran_001409,0
tran_001410,0
tran_001411,2
tran_001412,0
tran_001413,0
tran_001414,0
tran_001415,0
tran_001416,0
tran_001417,0
tran_001418,0
tran_001419,0
tran_001420,0
tran_001421,0
tran_001422,0
tran_001423,0
tran_001424,0
tran_001425,0
tran_001426,0
tran_001427,0
tran_001428,0
tran_001429,0
tran_001430,0
tran_001431,0
tran_001432,1
tran_001433,5
tran_001434,0
tran_001435,0
tran_001436,2
tran_001437,0
tran_001438,0
tran_001439,0
tran_001440,0
tran_001441,2
tran_001442,0
tran_001443,0
tran_001444,0
tran_001445,0
tran_001446,0
tran_001447,0
tran_001448,0
tran_001449,0
tran_001450,0
tran_001451,0
tran_001452,0
tran_001453,0
tran_001454,3
tran_001455,0
tran_001456,2
tran_001457,0
tran_001458,0
tran_001459,0
tran_001460,0
tran_001461,0
tran_001462,0
tran_001463,0
tran_001464,0
tran_001465,0
tran_001466,3
tran_001467,2
tran_001468,0
tran_001469,0
tran_001470,0
tran_001471,0
tran_001472,0
tran_001473,0
tran_001474,0
tran_001475,0
tran_001476,0
tran_001477,0
tran_001478,0
tran_001479,0
tran_001480,3
tran_001481,0
tran_001482,0
tran_001483,0
tran_001484,0
tran_001485,0
tran_001486,0
tran_001487,0
tran_001488,0
tran_001489,0
tran_001490,0
tran_001491,0
tran_001492,0
tran_001493,0
tran_001494,0
tran_001495,0
tran_001496,0
tran_001497,0
tran_001498,0
tran_001499,0
tran_001500,0
tran_001501,0
tran_001502,0
tran_001503,0
tran_001504,0
tran_001505,0
tran_001506,0
tran_001507,0
tran_001508,0
tran_001509,0
tran_001510,0
tran_001511,0
tran_001512,0
tran_001513,0
tran_001514,0
tran_001515,0
tran_001516,0
tran_001517,0
tran_001518,0
tran_001519,0
tran_001520,3
tran_001521,0
tran_001522,0
tran_001523,0
tran_001524,0
tran_001525,0
tran_001526,0
tran_001527,0
tran_001528,0
tran_001529,0
tran_001530,0
tran_001531,0
tran_001532,0
tran_001533,0
tran_001534,2
tran_001535,0
tran_001536,0
tran_001537,0
tran_001538,0
tran_001539,0
tran_001540,0
tran_001541,0
tran_001542,0
tran_001543,0
tran_001544,0
tran_001545,0
tran_001546,0
tran_001547,2
tran_001548,0
tran_001549,0
tran_001550,0
tran_001551,0
tran_001552,0
tran_001553,0
tran_001554,0
tran_001555,5
tran_001556,0
tran_001557,2
tran_001558,0
tran_001559,0
tran_001560,0
tran_001561,0
tran_001562,0
tran_001563,0
tran_001564,0
tran_001565,0
tran_001566,0
tran_001567,0
tran_001568,0
tran_001569,0
tran_001570,0
tran_001571,0
tran_001572,0
tran_001573,0
tran_001574,0
tran_001575,0
tran_001576,0
tran_001577,0
tran_001578,0
tran_001579,0
tran_001580,0
tran_001581,0
tran_001582,0
tran_001583,0
tran_001584,0
tran_001585,0
tran_001586,0
tran_001587,0
tran_001588,0
tran_001589,0
tran_001590,0
tran_001591,0
tran_001592,0
tran_001593,0
tran_001594,0
tran_001595,0
tran_001596,0
tran_001597,0
tran_001598,0
tran_001599,0
tran_001600,0
tran_001601,3
tran_001602,0
tran_001603,0
tran_001604,0
tran_001605,0
tran_001606,0
tran_001607,0
tran_001608,0
tran_001609,0
tran_001610,0
tran_001611,0
tran_001612,0
tran_001613,0
tran_001614,0
tran_001615,0
tran_001616,0
tran_001617,0
tran_001618,0
tran_001619,0
tran_001620,0
tran_001621,2
tran_001622,0
tran_001623,0
tran_001624,0
tran_001625,0
tran_001626,0
tran_001627,0
tran_001628,0
tran_001629,0
tran_001630,0
tran_001631,0
tran_001632,0
tran_001633,0
tran_001634,0
tran_001635,0
tran_001636,0
tran_001637,0
tran_001638,0
tran_001639,0
tran_001640,0
tran_001641,0
tran_001642,0
tran_001643,0
tran_001644,0
tran_001645,0
tran_001646,0
tran_001647,0
tran_001648,0
tran_001649,5
tran_001650,0
tran_001651,0
tran_001652,0
tran_001653,0
tran_001654,0
tran_001655,0
tran_001656,0
tran_001657,0
tran_001658,0
tran_001659,0
tran_001660,0
tran_001661,0
tran_001662,0
tran_001663,0
tran_001664,0
tran_001665,0
tran_001666,0
tran_001667,0
tran_001668,0
tran_001669,0
tran_001670,0
tran_001671,0
tran_001672,0
tran_001673,0
tran_001674,0
tran_001675,0
tran_001676,0
tran_001677,0
tran_001678,0
tran_001679,0
tran_001680,0
tran_001681,0
tran_001682,0
tran_001683,0
tran_001684,0
tran_001685,0
tran_001686,5
tran_001687,0
tran_001688,0
tran_001689,0
tran_001690,0
tran_001691,0
tran_001692,0
tran_001693,0
tran_001694,0
tran_001695,0
tran_001696,0
tran_001697,0
tran_001698,0
tran_001699,0
tran_001700,0
tran_001701,0
tran_001702,0
tran_001703,0
tran_001704,0
tran_001705,0
tran_001706,0
tran_001707,0
tran_001708,0
tran_001709,0
tran_001710,3
tran_001711,0
tran_001712,0
tran_001713,0
tran_001714,0
tran_001715,0
tran_001716,0
tran_001717,0
tran_001718,3
tran_001719,0
tran_001720,0
tran_001721,0
tran_001722,0
tran_001723,0
tran_001724,0
tran_001725,5
tran_001726,0
tran_001727,0
tran_001728,0
tran_001729,0
tran_001730,0
tran_001731,0
tran_001732,0
tran_001733,0
tran_001734,0
tran_001735,0
tran_001736,0
tran_001737,0
tran_001738,0
tran_001739,0
tran_001740,0
tran_001741,0
tran_001742,0
tran_001743,0
tran_001744,0
tran_001745,0
tran_001746,0
tran_001747,0
tran_001748,0
tran_001749,0
tran_001750,0
tran_001751,0
tran_001752,0
tran_001753,0
tran_001754,0
tran_001755,0
tran_001756,0
tran_001757,0
tran_001758,0
tran_001759,0
tran_001760,0
tran_001761,0
tran_001762,0
tran_001763,0
tran_001764,0
tran_001765,0
tran_001766,0
tran_001767,0
tran_001768,0
tran_001769,0
tran_001770,0
tran_001771,0
tran_001772,0
tran_001773,0
tran_001774,3
tran_001775,0
tran_001776,0
tran_001777,0
tran_001778,0
tran_001779,0
tran_001780,0
tran_001781,0
tran_001782,0
tran_001783,3
tran_001784,0
tran_001785,0
tran_001786,0
tran_001787,0
tran_001788,0
tran_001789,0
tran_001790,0
tran_001791,0
tran_001792,0
tran_001793,0
tran_001794,0
tran_001795,0
tran_001796,0
tran_001797,0
tran_001798,0
tran_001799,0
tran_001800,0
tran_001801,0
tran_001802,3
tran_001803,0
tran_001804,0
tran_001805,0
tran_001806,0
tran_001807,0
tran_001808,0
tran_001809,0
tran_001810,3
tran_001811,0
tran_001812,0
tran_001813,0
tran_001814,0
tran_001815,0
tran_001816,0
tran_001817,0
tran_001818,0
tran_001819,0
tran_001820,0
tran_001821,0
tran_001822,0
tran_001823,0
tran_001824,0
tran_001825,0
tran_001826,0
tran_001827,5
tran_001828,0
tran_001829,0
tran_001830,0
tran_001831,0
tran_001832,0
tran_001833,0
tran_001834,0
tran_001835,0
tran_001836,0
tran_001837,0
tran_001838,0
tran_001839,0
tran_001840,0
tran_001841,0
tran_001842,0
tran_001843,3
tran_001844,0
tran_001845,0
tran_001846,0
tran_001847,2
tran_001848,0
tran_001849,0
tran_001850,0
tran_001851,0
tran_001852,0
tran_001853,0
tran_001854,0
tran_001855,0
tran_001856,0
tran_001857,0
tran_001858,0
tran_001859,0
tran_001860,0
tran_001861,0
tran_001862,0
tran_001863,0
tran_001864,0
tran_001865,0
tran_001866,0
tran_001867,0
tran_001868,0
tran_001869,0
tran_001870,0
tran_001871,3
tran_001872,0
tran_001873,0
tran_001874,0
tran_001875,0
tran_001876,0
tran_001877,0
tran_001878,0
tran_001879,0
tran_001880,0
tran_001881,0
tran_001882,0
tran_001883,0
tran_001884,0
tran_001885,0
tran_001886,0
tran_001887,0
tran_001888,0
tran_001889,0
tran_001890,0
tran_001891,0
tran_001892,0
tran_001893,0
tran_001894,0
tran_001895,0
tran_001896,0
tran_001897,0
tran_001898,0
tran_001899,0
tran_001900,0
tran_001901,0
tran_001902,0
tran_001903,0
tran_001904,0
tran_001905,0
tran_001906,0
tran_001907,0
tran_001908,0
tran_001909,0
tran_001910,0
tran_001911,0
tran_001912,0
tran_001913,0
tran_001914,0
tran_001915,0
tran_001916,0
tran_001917,0
tran_001918,0
tran_001919,0
tran_001920,0
tran_001921,0
tran_001922,0
tran_001923,0
tran_001924,0
tran_001925,0
tran_001926,0
tran_001927,0
tran_001928,0
tran_001929,0
tran_001930,0
tran_001931,0
tran_001932,0
tran_001933,0
tran_001934,0
tran_001935,0
tran_001936,0
tran_001937,0
tran_001938,0
tran_001939,0
tran_001940,0
tran_001941,0
tran_001942,0
tran_001943,0
tran_001944,0
tran_001945,0
tran_001946,0
tran_001947,0
tran_001948,0
tran_001949,0
tran_001950,0
tran_001951,0
tran_001952,6
tran_001953,0
tran_001954,0
tran_001955,3
tran_001956,0
tran_001957,0
tran_001958,0
tran_001959,2
tran_001960,0
tran_001961,0
tran_001962,0
tran_001963,0
tran_001964,0
tran_001965,0
tran_001966,0
tran_001967,3
tran_001968,0
tran_001969,0
tran_001970,0
tran_001971,0
tran_001972,0
tran_001973,0
tran_001974,5
tran_001975,0
tran_001976,0
tran_001977,0
tran_001978,0
tran_001979,0
tran_001980,0
tran_001981,0
tran_001982,0
tran_001983,0
tran_001984,2
tran_001985,3
tran_001986,0
tran_001987,5
tran_001988,0
tran_001989,0
tran_001990,0
tran_001991,0
tran_001992,0
tran_001993,0
tran_001994,0
tran_001995,3
tran_001996,0
tran_001997,0
tran_001998,0
tran_001999,0
tran_002000,0
tran_002001,0
tran_002002,0
tran_002003,0
tran_002004,6
tran_002005,0
tran_002006,0
tran_002007,0
tran_002008,0
tran_002009,0
tran_002010,0
tran_002011,0
tran_002012,0
tran_002013,0
tran_002014,0
tran_002015,0
tran_002016,0
tran_002017,0
tran_002018,0
tran_002019,2
tran_002020,3
tran_002021,0
tran_002022,0
tran_002023,5
tran_002024,0
tran_002025,0
tran_002026,0
tran_002027,0
tran_002028,0
tran_002029,0
tran_002030,3
tran_002031,2
tran_002032,0
tran_002033,0
tran_002034,0
tran_002035,0
tran_002036,0
tran_002037,0
tran_002038,2
tran_002039,0
tran_002040,0
tran_002041,0
tran_002042,0
tran_002043,0
tran_002044,0
tran_002045,0
tran_002046,0
tran_002047,0
tran_002048,0
tran_002049,0
tran_002050,0
tran_002051,0
tran_002052,0
tran_002053,0
tran_002054,0
tran_002055,0
tran_002056,0
tran_002057,0
tran_002058,0
tran_002059,0
tran_002060,0
tran_002061,0
tran_002062,0
tran_002063,0
tran_002064,0
tran_002065,0
tran_002066,0
tran_002067,0
tran_002068,0
tran_002069,0
tran_002070,0
tran_002071,0
tran_002072,0
tran_002073,0
tran_002074,0
tran_002075,0
tran_002076,0
tran_002077,0
tran_002078,0
tran_002079,0
tran_002080,0
tran_002081,0
tran_002082,0
tran_002083,0
tran_002084,0
tran_002085,0
tran_002086,0
tran_002087,0
tran_002088,0
tran_002089,0
tran_002090,0
tran_002091,0
tran_002092,0
tran_002093,0
tran_002094,0
tran_002095,0
tran_002096,0
tran_002097,0
tran_002098,0
tran_002099,0
tran_002100,0
tran_002101,0
tran_002102,0
tran_002103,0
tran_002104,0
tran_002105,0
tran_002106,0
tran_002107,0
tran_002108,0
tran_002109,0
tran_002110,1
tran_002111,0
tran_002112,0
tran_002113,0
tran_002114,0
tran_002115,0
tran_002116,0
tran_002117,0
tran_002118,0
tran_002119,0
tran_002120,5
tran_002121,0
tran_002122,0
tran_002123,0
tran_002124,0
tran_002125,0
tran_002126,0
tran_002127,0
tran_002128,0
tran_002129,2
tran_002130,0
tran_002131,0
tran_002132,0
tran_002133,0
tran_002134,0
tran_002135,0
tran_002136,0
tran_002137,0
tran_002138,0
tran_002139,2
tran_002140,0
tran_002141,5
tran_002142,3
tran_002143,0
tran_002144,0
tran_002145,0
tran_002146,0
tran_002147,0
tran_002148,0
tran_002149,0
tran_002150,0
tran_002151,0
tran_002152,0
tran_002153,3
tran_002154,0
tran_002155,0
tran_002156,0
tran_002157,0
tran_002158,0
tran_002159,0
tran_002160,0
tran_002161,0
tran_002162,0
tran_002163,0
tran_002164,0
tran_002165,0
tran_002166,0
tran_002167,0
tran_002168,7
tran_002169,0
tran_002170,0
tran_002171,0
tran_002172,0
tran_002173,0
tran_002174,0
tran_002175,0
tran_002176,0
tran_002177,0
tran_002178,0
tran_002179,0
tran_002180,0
tran_002181,0
tran_002182,0
tran_002183,0
tran_002184,0
tran_002185,0
tran_002186,0
tran_002187,0
tran_002188,0
tran_002189,0
tran_002190,0
tran_002191,0
tran_002192,0
tran_002193,0
tran_002194,3
tran_002195,0
tran_002196,0
tran_002197,0
tran_002198,0
tran_002199,0
tran_002200,3
tran_002201,0
tran_002202,0
tran_002203,5
tran_002204,0
tran_002205,3
tran_002206,0
tran_002207,0
tran_002208,0
tran_002209,0
tran_002210,0
tran_002211,0
tran_002212,0
tran_002213,5
tran_002214,0
tran_002215,0
tran_002216,0
tran_002217,0
tran_002218,0
tran_002219,0
tran_002220,0
tran_002221,2
tran_002222,0
tran_002223,0
tran_002224,0
tran_002225,0
tran_002226,0
tran_002227,0
tran_002228,0
tran_002229,0
tran_002230,3
tran_002231,0
tran_002232,0
tran_002233,0
tran_002234,0
tran_002235,0
tran_002236,0
tran_002237,0
tran_002238,0
tran_002239,0
tran_002240,0
tran_002241,0
tran_002242,0
tran_002243,0
tran_002244,0
tran_002245,0
tran_002246,0
tran_002247,0
tran_002248,0
tran_002249,0
tran_002250,0
tran_002251,0
tran_002252,0
tran_002253,0
tran_002254,0
tran_002255,0
tran_002256,0
tran_002257,0
tran_002258,0
tran_002259,0
tran_002260,0
tran_002261,0
tran_002262,0
tran_002263,2
tran_002264,0
tran_002265,0
tran_002266,0
tran_002267,0
tran_002268,0
tran_002269,0
tran_002270,0
tran_002271,0
tran_002272,0
tran_002273,0
tran_002274,3
tran_002275,0
tran_002276,0
tran_002277,0
tran_002278,3
tran_002279,0
tran_002280,0
tran_002281,0
tran_002282,0
tran_002283,0
tran_002284,0
tran_002285,0
tran_002286,2
tran_002287,0
tran_002288,0
tran_002289,0
tran_002290,0
tran_002291,0
tran_002292,0
tran_002293,0
tran_002294,0
tran_002295,0
tran_002296,0
tran_002297,0
tran_002298,0
tran_002299,3
tran_002300,0
tran_002301,2
tran_002302,3
tran_002303,0
tran_002304,3
tran_002305,5
tran_002306,0
tran_002307,0
tran_002308,0
tran_002309,0
tran_002310,0
tran_002311,0
tran_002312,0
tran_002313,0
tran_002314,0
tran_002315,0
tran_002316,0
tran_002317,0
tran_002318,0
tran_002319,0
tran_002320,0
tran_002321,0
tran_002322,0
tran_002323,0
tran_002324,0
tran_002325,0
tran_002326,0
tran_002327,0
tran_002328,0
tran_002329,0
tran_002330,0
tran_002331,0
tran_002332,0
tran_002333,0
tran_002334,0
tran_002335,0
tran_002336,0
tran_002337,0
tran_002338,0
tran_002339,0
tran_002340,0
tran_002341,0
tran_002342,0
tran_002343,0
tran_002344,0
tran_002345,0
tran_002346,5
tran_002347,0
tran_002348,0
tran_002349,0
tran_002350,0
tran_002351,0
tran_002352,5
tran_002353,0
tran_002354,0
tran_002355,0
tran_002356,0
tran_002357,0
tran_002358,0
tran_002359,0
tran_002360,0
tran_002361,0
tran_002362,0
tran_002363,0
tran_002364,0
tran_002365,0
tran_002366,0
tran_002367,0
tran_002368,0
tran_002369,0
tran_002370,0
tran_002371,0
tran_002372,0
tran_002373,0
tran_002374,0
tran_002375,0
tran_002376,0
tran_002377,0
tran_002378,0
tran_002379,0
tran_002380,0
tran_002381,0
tran_002382,0
tran_002383,7
tran_002384,0
tran_002385,0
tran_002386,0
tran_002387,0
tran_002388,0
tran_002389,0
tran_002390,0
tran_002391,0
tran_002392,0
tran_002393,0
tran_002394,0
tran_002395,0
tran_002396,0
tran_002397,0
tran_002398,0
tran_002399,0
tran_002400,0
tran_002401,0
tran_002402,0
tran_002403,0
tran_002404,0
tran_002405,0
tran_002406,0
tran_002407,0
tran_002408,0
tran_002409,0
tran_002410,0
tran_002411,0
tran_002412,0
tran_002413,0
tran_002414,0
tran_002415,0
tran_002416,0
tran_002417,0
tran_002418,0
tran_002419,0
tran_002420,0
tran_002421,3
tran_002422,0
tran_002423,0
tran_002424,0
tran_002425,0
tran_002426,7
tran_002427,0
tran_002428,0
tran_002429,0
tran_002430,0
tran_002431,0
tran_002432,0
tran_002433,0
tran_002434,0
tran_002435,0
tran_002436,0
tran_002437,0
tran_002438,0
tran_002439,0
tran_002440,0
tran_002441,0
tran_002442,3
tran_002443,0
tran_002444,2
tran_002445,3
tran_002446,0
tran_002447,0
tran_002448,0
tran_002449,0
tran_002450,0
tran_002451,0
tran_002452,0
tran_002453,0
tran_002454,0
tran_002455,0
tran_002456,0
tran_002457,0
tran_002458,0
tran_002459,0
tran_002460,0
tran_002461,0
tran_002462,0
tran_002463,0
tran_002464,0
tran_002465,0
tran_002466,0
tran_002467,0
tran_002468,0
tran_002469,0
tran_002470,0
tran_002471,0
tran_002472,0
tran_002473,3
tran_002474,0
tran_002475,0
tran_002476,0
tran_002477,0
tran_002478,0
tran_002479,0
tran_002480,0
tran_002481,0
tran_002482,0
tran_002483,0
tran_002484,0
tran_002485,0
tran_002486,0
tran_002487,0
tran_002488,0
tran_002489,0
tran_002490,0
tran_002491,0
tran_002492,0
tran_002493,0
tran_002494,0
tran_002495,0
tran_002496,0
tran_002497,0
tran_002498,0
tran_002499,0
tran_002500,0
tran_002501,0
tran_002502,0
tran_002503,3
tran_002504,0
tran_002505,0
tran_002506,0
tran_002507,0
tran_002508,0
tran_002509,0
tran_002510,0
tran_002511,0
tran_002512,0
tran_002513,3
tran_002514,0
tran_002515,0
tran_002516,2
tran_002517,0
tran_002518,0
tran_002519,0
tran_002520,0
tran_002521,0
tran_002522,0
tran_002523,0
tran_002524,0
tran_002525,0
tran_002526,0
tran_002527,0
tran_002528,0
tran_002529,0
tran_002530,0
tran_002531,0
tran_002532,0
tran_002533,0
tran_002534,0
tran_002535,0
tran_002536,0
tran_002537,0
tran_002538,0
tran_002539,0
tran_002540,0
tran_002541,3
tran_002542,0
tran_002543,0
tran_002544,0
tran_002545,0
tran_002546,0
tran_002547,0
tran_002548,0
tran_002549,0
tran_002550,0
tran_002551,0
tran_002552,0
tran_002553,0
tran_002554,0
tran_002555,0
tran_002556,0
tran_002557,0
tran_002558,0
tran_002559,0
tran_002560,0
tran_002561,0
tran_002562,0
tran_002563,0
tran_002564,0
tran_002565,0
tran_002566,0
tran_002567,0
tran_002568,2
tran_002569,0
tran_002570,0
tran_002571,0
tran_002572,3
tran_002573,0
tran_002574,0
tran_002575,0
tran_002576,5
tran_002577,3
tran_002578,2
tran_002579,0
tran_002580,2
tran_002581,0
tran_002582,0
tran_002583,0
tran_002584,0
tran_002585,0
tran_002586,0
tran_002587,3
tran_002588,0
tran_002589,0
tran_002590,0
tran_002591,0
tran_002592,0
tran_002593,0
tran_002594,0
tran_002595,0
tran_002596,0
tran_002597,0
tran_002598,0
tran_002599,0
tran_002600,0
tran_002601,0
tran_002602,0
tran_002603,2
tran_002604,0
tran_002605,0
tran_002606,0
tran_002607,0
tran_002608,0
tran_002609,0
tran_002610,0
tran_002611,0
tran_002612,0
tran_002613,0
tran_002614,2
tran_002615,0
tran_002616,0
tran_002617,0
tran_002618,0
tran_002619,0
tran_002620,0
tran_002621,0
tran_002622,0
tran_002623,0
tran_002624,0
tran_002625,0
tran_002626,0
tran_002627,0
tran_002628,0
tran_002629,0
tran_002630,0
tran_002631,3
tran_002632,0
tran_002633,0
tran_002634,0
tran_002635,2
tran_002636,0
tran_002637,0
tran_002638,0
tran_002639,0
tran_002640,0
tran_002641,0
tran_002642,0
tran_002643,0
tran_002644,3
tran_002645,0
tran_002646,0
tran_002647,0
tran_002648,0
tran_002649,0
tran_002650,0
tran_002651,0
tran_002652,0
tran_002653,0
tran_002654,0
tran_002655,0
tran_002656,0
tran_002657,0
tran_002658,0
tran_002659,0
tran_002660,0
tran_002661,0
tran_002662,0
tran_002663,0
tran_002664,2
tran_002665,0
tran_002666,0
tran_002667,0
tran_002668,0
tran_002669,0
tran_002670,0
tran_002671,0
tran_002672,0
tran_002673,7
tran_002674,0
tran_002675,0
tran_002676,0
tran_002677,0
tran_002678,0
tran_002679,0
tran_002680,0
tran_002681,0
tran_002682,0
tran_002683,0
tran_002684,0
tran_002685,0
tran_002686,5
tran_002687,0
tran_002688,0
tran_002689,0
tran_002690,0
tran_002691,0
tran_002692,0
tran_002693,0
tran_002694,0
tran_002695,3
tran_002696,0
tran_002697,0
tran_002698,0
tran_002699,0
tran_002700,0
tran_002701,0
tran_002702,0
tran_002703,0
tran_002704,0
tran_002705,0
tran_002706,0
tran_002707,0
tran_002708,0
tran_002709,0
tran_002710,0
tran_002711,0
tran_002712,0
tran_002713,0
tran_002714,0
tran_002715,0
tran_002716,0
tran_002717,0
tran_002718,0
tran_002719,0
tran_002720,0
tran_002721,5
tran_002722,0
tran_002723,0
tran_002724,0
tran_002725,0
tran_002726,0
tran_002727,0
tran_002728,0
tran_002729,0
tran_002730,0
tran_002731,0
tran_002732,0
tran_002733,0
tran_002734,0
tran_002735,0
tran_002736,0
tran_002737,0
tran_002738,0
tran_002739,0
tran_002740,0
tran_002741,0
tran_002742,0
tran_002743,0
tran_002744,0
tran_002745,0
tran_002746,0
tran_002747,0
tran_002748,0
tran_002749,0
tran_002750,0
tran_002751,0
tran_002752,0
tran_002753,0
tran_002754,0
tran_002755,0
tran_002756,0
tran_002757,0
tran_002758,0
tran_002759,0
tran_002760,0
tran_002761,0
tran_002762,0
tran_002763,0
tran_002764,3
tran_002765,0
tran_002766,0
tran_002767,8
tran_002768,0
tran_002769,0
tran_002770,0
tran_002771,0
tran_002772,0
tran_002773,0
tran_002774,0
tran_002775,0
tran_002776,0
tran_002777,0
tran_002778,0
tran_002779,0
tran_002780,0
tran_002781,0
tran_002782,0
tran_002783,0
tran_002784,0
tran_002785,2
tran_002786,0
tran_002787,0
tran_002788,0
tran_002789,0
tran_002790,0
tran_002791,0
tran_002792,0
tran_002793,0
tran_002794,0
tran_002795,0
tran_002796,0
tran_002797,0
tran_002798,0
tran_002799,0
tran_002800,0
tran_002801,0
tran_002802,0
tran_002803,0
tran_002804,0
tran_002805,0
tran_002806,0
tran_002807,0
tran_002808,0
tran_002809,0
tran_002810,0
tran_002811,0
tran_002812,0
tran_002813,0
tran_002814,0
tran_002815,0
tran_002816,0
tran_002817,6
tran_002818,0
tran_002819,0
tran_002820,0
tran_002821,0
tran_002822,0
tran_002823,0
tran_002824,0
tran_002825,0
tran_002826,0
tran_002827,0
tran_002828,0
tran_002829,0
tran_002830,0
tran_002831,0
tran_002832,0
tran_002833,0
tran_002834,0
tran_002835,0
tran_002836,0
tran_002837,0
tran_002838,0
tran_002839,0
tran_002840,0
tran_002841,0
tran_002842,0
tran_002843,0
tran_002844,0
tran_002845,0
tran_002846,0
tran_002847,0
tran_002848,0
tran_002849,0
tran_002850,0
tran_002851,0
tran_002852,0
tran_002853,0
tran_002854,0
tran_002855,0
tran_002856,0
tran_002857,0
tran_002858,0
tran_002859,0
tran_002860,0
tran_002861,0
tran_002862,0
tran_002863,0
tran_002864,0
tran_002865,0
tran_002866,0
tran_002867,0
tran_002868,0
tran_002869,0
tran_002870,0
tran_002871,0
tran_002872,0
tran_002873,5
tran_002874,0
tran_002875,0
tran_002876,2
tran_002877,0
tran_002878,0
tran_002879,0
tran_002880,0
tran_002881,0
tran_002882,0
tran_002883,0
tran_002884,0
tran_002885,0
tran_002886,0
tran_002887,0
tran_002888,0
tran_002889,0
tran_002890,0
tran_002891,0
tran_002892,0
tran_002893,0
tran_002894,0
tran_002895,0
tran_002896,0
tran_002897,0
tran_002898,0
tran_002899,0
tran_002900,0
tran_002901,0
tran_002902,0
tran_002903,0
tran_002904,0
tran_002905,0
tran_002906,0
tran_002907,0
tran_002908,0
tran_002909,3
tran_002910,0
tran_002911,0
tran_002912,0
tran_002913,0
tran_002914,0
tran_002915,0
tran_002916,0
tran_002917,0
tran_002918,2
tran_002919,0
tran_002920,0
tran_002921,0
tran_002922,0
tran_002923,0
tran_002924,3
tran_002925,0
tran_002926,0
tran_002927,0
tran_002928,0
tran_002929,0
tran_002930,0
tran_002931,0
tran_002932,0
tran_002933,0
tran_002934,0
tran_002935,0
tran_002936,0
tran_002937,3
tran_002938,0
tran_002939,0
tran_002940,0
tran_002941,0
tran_002942,0
tran_002943,0
tran_002944,0
tran_002945,0
tran_002946,0
tran_002947,0
tran_002948,0
tran_002949,0
tran_002950,0
tran_002951,0
tran_002952,0
tran_002953,0
tran_002954,0
tran_002955,0
tran_002956,0
tran_002957,0
tran_002958,0
tran_002959,0
tran_002960,0
tran_002961,0
tran_002962,0
tran_002963,0
tran_002964,0
tran_002965,0
tran_002966,0
tran_002967,0
tran_002968,0
tran_002969,0
tran_002970,0
tran_002971,0
tran_002972,0
tran_002973,0
tran_002974,0
tran_002975,0
tran_002976,0
tran_002977,0
tran_002978,0
tran_002979,0
tran_002980,0
tran_002981,0
tran_002982,0
tran_002983,0
tran_002984,0
tran_002985,5
tran_002986,0
tran_002987,0
tran_002988,0
tran_002989,0
tran_002990,0
tran_002991,0
tran_002992,0
tran_002993,0
tran_002994,0
tran_002995,0
tran_002996,0
tran_002997,0
tran_002998,0
tran_002999,0
tran_003000,0
tran_003001,0
tran_003002,0
tran_003003,0
tran_003004,0
tran_003005,0
tran_003006,0
tran_003007,0
tran_003008,0
tran_003009,2
tran_003010,0
tran_003011,0
tran_003012,3
tran_003013,0
tran_003014,0
tran_003015,0
tran_003016,0
tran_003017,0
tran_003018,0
tran_003019,0
tran_003020,0
tran_003021,0
tran_003022,0
tran_003023,0
tran_003024,0
tran_003025,0
tran_003026,0
tran_003027,0
tran_003028,0
tran_003029,0
tran_003030,2
tran_003031,0
tran_003032,0
tran_003033,0
tran_003034,0
tran_003035,0
tran_003036,0
tran_003037,0
tran_003038,0
tran_003039,0
tran_003040,0
tran_003041,0
tran_003042,0
tran_003043,0
tran_003044,0
tran_003045,0
tran_003046,0
tran_003047,0
tran_003048,2
tran_003049,0
tran_003050,0
tran_003051,0
tran_003052,0
tran_003053,0
tran_003054,0
tran_003055,2
tran_003056,0
tran_003057,0
tran_003058,0
tran_003059,0
tran_003060,0
tran_003061,0
tran_003062,0
tran_003063,0
tran_003064,0
tran_003065,0
tran_003066,0
tran_003067,3
tran_003068,0
tran_003069,0
tran_003070,0
tran_003071,0
tran_003072,0
tran_003073,0
tran_003074,3
tran_003075,0
tran_003076,3
tran_003077,0
tran_003078,0
tran_003079,0
tran_003080,3
tran_003081,0
tran_003082,0
tran_003083,0
tran_003084,0
tran_003085,0
tran_003086,0
tran_003087,0
tran_003088,0
tran_003089,0
tran_003090,0
tran_003091,0
tran_003092,0
tran_003093,3
tran_003094,0
tran_003095,0
tran_003096,0
tran_003097,0
tran_003098,0
tran_003099,0
tran_003100,0
tran_003101,0
tran_003102,0
tran_003103,0
tran_003104,0
tran_003105,0
tran_003106,0
tran_003107,0
tran_003108,0
tran_003109,1
tran_003110,0
tran_003111,0
tran_003112,0
tran_003113,0
tran_003114,0
tran_003115,0
tran_003116,0
tran_003117,0
tran_003118,0
tran_003119,0
tran_003120,0
tran_003121,0
tran_003122,0
tran_003123,0
tran_003124,0
tran_003125,0
tran_003126,0
tran_003127,2
tran_003128,0
tran_003129,0
tran_003130,0
tran_003131,0
tran_003132,0
tran_003133,0
tran_003134,3
tran_003135,0
tran_003136,0
tran_003137,2
tran_003138,0
tran_003139,0
tran_003140,0
tran_003141,0
tran_003142,0
tran_003143,0
tran_003144,0
tran_003145,0
tran_003146,0
tran_003147,0
tran_003148,0
tran_003149,3
tran_003150,0
tran_003151,0
tran_003152,0
tran_003153,0
tran_003154,0
tran_003155,0
tran_003156,0
tran_003157,0
tran_003158,0
tran_003159,0
tran_003160,5
tran_003161,0
tran_003162,0
tran_003163,0
tran_003164,0
tran_003165,0
tran_003166,0
tran_003167,0
tran_003168,0
tran_003169,0
tran_003170,0
tran_003171,0
tran_003172,0
tran_003173,0
tran_003174,0
tran_003175,0
tran_003176,0
tran_003177,0
tran_003178,0
tran_003179,0
tran_003180,0
tran_003181,0
tran_003182,0
tran_003183,0
tran_003184,0
tran_003185,0
tran_003186,0
tran_003187,0
tran_003188,0
tran_003189,0
tran_003190,0
tran_003191,0
tran_003192,0
tran_003193,0
tran_003194,0
tran_003195,0
tran_003196,0
tran_003197,0
tran_003198,0
tran_003199,0
tran_003200,0
tran_003201,0
tran_003202,0
tran_003203,0
tran_003204,0
tran_003205,0
tran_003206,0
tran_003207,0
tran_003208,0
tran_003209,0
tran_003210,0
tran_003211,0
tran_003212,0
tran_003213,0
tran_003214,0
tran_003215,0
tran_003216,0
tran_003217,0
tran_003218,0
tran_003219,0
tran_003220,0
tran_003221,0
tran_003222,0
tran_003223,0
tran_003224,0
tran_003225,0
tran_003226,0
tran_003227,0
tran_003228,0
tran_003229,0
tran_003230,0
tran_003231,0
tran_003232,0
tran_003233,0
tran_003234,0
tran_003235,0
tran_003236,5
tran_003237,0
tran_003238,0
tran_003239,0
tran_003240,0
tran_003241,0
tran_003242,0
tran_003243,0
tran_003244,0
tran_003245,0
tran_003246,0
tran_003247,0
tran_003248,0
tran_003249,0
tran_003250,0
tran_003251,0
tran_003252,0
tran_003253,0
tran_003254,0
tran_003255,0
tran_003256,0
tran_003257,0
tran_003258,0
tran_003259,2
tran_003260,0
tran_003261,0
tran_003262,0
tran_003263,0
tran_003264,0
tran_003265,0
tran_003266,0
tran_003267,0
tran_003268,0
tran_003269,0
tran_003270,0
tran_003271,0
tran_003272,0
tran_003273,0
tran_003274,0
tran_003275,0
tran_003276,0
tran_003277,0
tran_003278,0
tran_003279,0
tran_003280,0
tran_003281,0
tran_003282,0
tran_003283,0
tran_003284,0
tran_003285,0
tran_003286,5
tran_003287,0
tran_003288,0
tran_003289,0
tran_003290,0
tran_003291,0
tran_003292,0
tran_003293,0
tran_003294,0
tran_003295,0
tran_003296,0
tran_003297,0
tran_003298,0
tran_003299,0
tran_003300,0
tran_003301,0
tran_003302,0
tran_003303,0
tran_003304,0
tran_003305,0
tran_003306,0
tran_003307,0
tran_003308,0
tran_003309,0
tran_003310,0
tran_003311,0
tran_003312,0
tran_003313,0
tran_003314,0
tran_003315,0
tran_003316,0
tran_003317,0
tran_003318,0
tran_003319,0
tran_003320,5
tran_003321,0
tran_003322,0
tran_003323,0
tran_003324,0
tran_003325,0
tran_003326,0
tran_003327,0
tran_003328,0
tran_003329,0
tran_003330,2
tran_003331,0
tran_003332,0
tran_003333,0
tran_003334,0
tran_003335,0
tran_003336,0
tran_003337,0
tran_003338,2
tran_003339,0
tran_003340,0
tran_003341,0
tran_003342,0
tran_003343,0
tran_003344,0
tran_003345,0
tran_003346,0
tran_003347,0
tran_003348,0
tran_003349,0
tran_003350,0
tran_003351,0
tran_003352,0
tran_003353,0
tran_003354,0
tran_003355,0
tran_003356,0
tran_003357,0
tran_003358,2
tran_003359,0
tran_003360,3
tran_003361,0
tran_003362,0
tran_003363,0
tran_003364,0
tran_003365,0
tran_003366,0
tran_003367,0
tran_003368,3
tran_003369,0
tran_003370,0
tran_003371,3
tran_003372,0
tran_003373,0
tran_003374,0
tran_003375,0
tran_003376,0
tran_003377,0
tran_003378,0
tran_003379,0
tran_003380,0
tran_003381,0
tran_003382,0
tran_003383,0
tran_003384,0
tran_003385,3
tran_003386,0
tran_003387,0
tran_003388,0
tran_003389,0
tran_003390,0
tran_003391,0
tran_003392,0
tran_003393,4
tran_003394,4
tran_003395,0
tran_003396,0
tran_003397,0
tran_003398,6
tran_003399,0
tran_003400,0
tran_003401,0
tran_003402,0
tran_003403,0
tran_003404,0
tran_003405,0
tran_003406,0
tran_003407,0
tran_003408,0
tran_003409,0
tran_003410,2
tran_003411,0
tran_003412,0
tran_003413,0
tran_003414,0
tran_003415,0
tran_003416,0
tran_003417,5
tran_003418,0
tran_003419,0
tran_003420,0
tran_003421,0
tran_003422,0
tran_003423,0
tran_003424,0
tran_003425,0
tran_003426,0
tran_003427,0
tran_003428,0
tran_003429,3
tran_003430,0
tran_003431,0
tran_003432,0
tran_003433,0
tran_003434,0
tran_003435,0
tran_003436,0
tran_003437,0
tran_003438,0
tran_003439,0
tran_003440,0
tran_003441,0
tran_003442,0
tran_003443,0
tran_003444,0
tran_003445,5
tran_003446,0
tran_003447,3
tran_003448,0
tran_003449,0
tran_003450,0
tran_003451,0
tran_003452,0
tran_003453,0
tran_003454,0
tran_003455,0
tran_003456,0
tran_003457,0
tran_003458,0
tran_003459,0
tran_003460,0
tran_003461,0
tran_003462,0
tran_003463,0
tran_003464,0
tran_003465,0
tran_003466,0
tran_003467,0
tran_003468,0
tran_003469,0
tran_003470,0
tran_003471,0
tran_003472,0
tran_003473,0
tran_003474,0
tran_003475,0
tran_003476,0
tran_003477,0
tran_003478,0
tran_003479,0
tran_003480,0
tran_003481,3
tran_003482,0
tran_003483,0
tran_003484,0
tran_003485,0
tran_003486,0
tran_003487,0
tran_003488,0
tran_003489,0
tran_003490,3
tran_003491,0
tran_003492,0
tran_003493,0
tran_003494,0
tran_003495,3
tran_003496,3
tran_003497,3
tran_003498,0
tran_003499,0
tran_003500,0
tran_003501,0
tran_003502,0
tran_003503,0
tran_003504,0
tran_003505,0
tran_003506,0
tran_003507,0
tran_003508,0
tran_003509,0
tran_003510,0
tran_003511,0
tran_003512,0
tran_003513,0
tran_003514,0
tran_003515,0
tran_003516,0
tran_003517,0
tran_003518,2
tran_003519,0
tran_003520,0
tran_003521,6
tran_003522,0
tran_003523,0
tran_003524,0
tran_003525,0
tran_003526,0
tran_003527,0
tran_003528,0
tran_003529,0
tran_003530,0
tran_003531,0
tran_003532,0
tran_003533,0
tran_003534,0
tran_003535,0
tran_003536,0
tran_003537,0
tran_003538,0
tran_003539,0
tran_003540,0
tran_003541,3
tran_003542,0
tran_003543,0
tran_003544,0
tran_003545,0
tran_003546,0
tran_003547,0
tran_003548,0
tran_003549,0
tran_003550,0
tran_003551,0
tran_003552,0
tran_003553,0
tran_003554,0
tran_003555,0
tran_003556,0
tran_003557,2
tran_003558,0
tran_003559,0
tran_003560,0
tran_003561,0
tran_003562,0
tran_003563,0
tran_003564,0
tran_003565,0
tran_003566,0
tran_003567,0
tran_003568,0
tran_003569,0
tran_003570,3
tran_003571,0
tran_003572,0
tran_003573,0
tran_003574,0
tran_003575,0
tran_003576,3
tran_003577,3
tran_003578,0
tran_003579,0
tran_003580,0
tran_003581,0
tran_003582,0
tran_003583,0
tran_003584,0
tran_003585,0
tran_003586,0
tran_003587,0
tran_003588,6
tran_003589,0
tran_003590,2
tran_003591,0
tran_003592,0
tran_003593,0
tran_003594,2
tran_003595,0
tran_003596,0
tran_003597,0
tran_003598,7
tran_003599,0
tran_003600,0
tran_003601,0
tran_003602,0
tran_003603,0
tran_003604,0
tran_003605,0
tran_003606,0
tran_003607,0
tran_003608,0
tran_003609,5
tran_003610,0
tran_003611,0
tran_003612,0
tran_003613,0
tran_003614,0
tran_003615,0
tran_003616,0
tran_003617,0
tran_003618,0
tran_003619,0
tran_003620,0
tran_003621,0
tran_003622,0
tran_003623,0
tran_003624,0
tran_003625,0
tran_003626,0
tran_003627,0
tran_003628,0
tran_003629,0
tran_003630,0
tran_003631,0
tran_003632,0
tran_003633,3
tran_003634,0
tran_003635,0
tran_003636,0
tran_003637,0
tran_003638,0
tran_003639,0
tran_003640,0
tran_003641,0
tran_003642,0
tran_003643,0
tran_003644,0
tran_003645,0
tran_003646,0
tran_003647,0
tran_003648,0
tran_003649,0
tran_003650,0
tran_003651,0
tran_003652,0
tran_003653,0
tran_003654,0
tran_003655,0
tran_003656,0
tran_003657,0
tran_003658,0
tran_003659,0
tran_003660,0
tran_003661,0
tran_003662,0
tran_003663,0
tran_003664,0
tran_003665,0
tran_003666,0
tran_003667,0
tran_003668,0
tran_003669,0
tran_003670,0
tran_003671,0
tran_003672,0
tran_003673,0
tran_003674,0
tran_003675,0
tran_003676,0
tran_003677,0
tran_003678,3
tran_003679,0
tran_003680,3
tran_003681,0
tran_003682,0
tran_003683,0
tran_003684,0
tran_003685,0
tran_003686,0
tran_003687,0
tran_003688,0
tran_003689,0
tran_003690,0
tran_003691,0
tran_003692,0
tran_003693,0
tran_003694,0
tran_003695,0
tran_003696,0
tran_003697,0
tran_003698,0
tran_003699,0
tran_003700,0
tran_003701,0
tran_003702,0
tran_003703,0
tran_003704,0
tran_003705,0
tran_003706,0
tran_003707,0
tran_003708,0
tran_003709,0
tran_003710,0
tran_003711,0
tran_003712,0
tran_003713,0
tran_003714,0
tran_003715,0
tran_003716,0
tran_003717,0
tran_003718,0
tran_003719,0
tran_003720,0
tran_003721,0
tran_003722,0
tran_003723,0
tran_003724,0
tran_003725,0
tran_003726,0
tran_003727,0
tran_003728,0
tran_003729,0
tran_003730,0
tran_003731,0
tran_003732,0
tran_003733,5
tran_003734,0
tran_003735,0
tran_003736,0
tran_003737,0
tran_003738,0
tran_003739,0
tran_003740,0
tran_003741,0
tran_003742,5
tran_003743,0
tran_003744,0
tran_003745,0
tran_003746,0
tran_003747,0
tran_003748,0
tran_003749,0
tran_003750,0
tran_003751,0
tran_003752,0
tran_003753,0
tran_003754,0
tran_003755,0
tran_003756,0
tran_003757,0
tran_003758,0
tran_003759,0
tran_003760,0
tran_003761,0
tran_003762,5
tran_003763,3
tran_003764,0
tran_003765,0
tran_003766,0
tran_003767,0
tran_003768,0
tran_003769,0
tran_003770,0
tran_003771,0
tran_003772,0
tran_003773,0
tran_003774,0
tran_003775,0
tran_003776,0
tran_003777,0
tran_003778,0
tran_003779,0
tran_003780,0
tran_003781,0
tran_003782,0
tran_003783,0
tran_003784,0
tran_003785,0
tran_003786,0
tran_003787,5
tran_003788,0
tran_003789,0
tran_003790,0
tran_003791,0
tran_003792,0
tran_003793,0
tran_003794,0
tran_003795,0
tran_003796,0
tran_003797,0
tran_003798,3
tran_003799,0
tran_003800,0
tran_003801,0
tran_003802,0
tran_003803,0
tran_003804,0
tran_003805,0
tran_003806,0
tran_003807,0
tran_003808,0
tran_003809,0
tran_003810,0
tran_003811,0
tran_003812,0
tran_003813,0
tran_003814,0
tran_003815,0
tran_003816,0
tran_003817,0
tran_003818,0
tran_003819,2
tran_003820,0
tran_003821,0
tran_003822,0
tran_003823,0
tran_003824,2
tran_003825,0
tran_003826,0
tran_003827,0
tran_003828,0
tran_003829,0
tran_003830,0
tran_003831,0
tran_003832,3
tran_003833,0
tran_003834,0
tran_003835,0
tran_003836,0
tran_003837,0
tran_003838,0
tran_003839,0
tran_003840,0
tran_003841,0
tran_003842,0
tran_003843,0
tran_003844,0
tran_003845,0
tran_003846,0
tran_003847,0
tran_003848,0
tran_003849,0
tran_003850,0
tran_003851,0
tran_003852,0
tran_003853,0
tran_003854,0
tran_003855,0
tran_003856,0
tran_003857,0
tran_003858,0
tran_003859,0
tran_003860,0
tran_003861,0
tran_003862,0
tran_003863,3
tran_003864,0
tran_003865,0
tran_003866,0
tran_003867,0
tran_003868,0
tran_003869,0
tran_003870,0
tran_003871,0
tran_003872,0
tran_003873,0
tran_003874,0
tran_003875,0
tran_003876,0
tran_003877,0
tran_003878,0
tran_003879,0
tran_003880,0
tran_003881,0
tran_003882,0
tran_003883,2
tran_003884,0
tran_003885,0
tran_003886,0
tran_003887,3
tran_003888,0
tran_003889,0
tran_003890,0
tran_003891,0
tran_003892,0
tran_003893,0
tran_003894,0
tran_003895,0
tran_003896,0
tran_003897,0
tran_003898,0
tran_003899,0
tran_003900,0
tran_003901,0
tran_003902,0
tran_003903,0
tran_003904,0
tran_003905,0
tran_003906,0
tran_003907,0
tran_003908,0
tran_003909,0
tran_003910,0
tran_003911,0
tran_003912,0
tran_003913,0
tran_003914,0
tran_003915,0
tran_003916,0
tran_003917,0
tran_003918,3
tran_003919,0
tran_003920,0
tran_003921,0
tran_003922,0
tran_003923,0
tran_003924,0
tran_003925,0
tran_003926,0
tran_003927,0
tran_003928,0
tran_003929,2
tran_003930,0
tran_003931,0
tran_003932,0
tran_003933,0
tran_003934,0
tran_003935,0
tran_003936,57
tran_003937,0
tran_003938,0
tran_003939,0
tran_003940,0
tran_003941,0
tran_003942,0
tran_003943,2
tran_003944,0
tran_003945,0
tran_003946,0
tran_003947,0
tran_003948,0
tran_003949,3
tran_003950,0
tran_003951,0
tran_003952,0
tran_003953,0
tran_003954,0
tran_003955,0
tran_003956,0
tran_003957,0
tran_003958,0
tran_003959,0
tran_003960,0
tran_003961,0
tran_003962,1
tran_003963,0
tran_003964,0
tran_003965,0
tran_003966,0
tran_003967,0
tran_003968,0
tran_003969,0
tran_003970,0
tran_003971,0
tran_003972,0
tran_003973,0
tran_003974,0
tran_003975,0
tran_003976,0
tran_003977,0
tran_003978,0
tran_003979,0
tran_003980,0
tran_003981,0
tran_003982,0
tran_003983,0
tran_003984,0
tran_003985,0
tran_003986,0
tran_003987,0
tran_003988,0
tran_003989,0
tran_003990,0
tran_003991,0
tran_003992,0
tran_003993,0
tran_003994,0
tran_003995,0
tran_003996,0
tran_003997,0
tran_003998,0
tran_003999,2
tran_004000,0
tran_004001,0
tran_004002,0
tran_004003,0
tran_004004,0
tran_004005,0
tran_004006,0
tran_004007,0
tran_004008,0
tran_004009,0
tran_004010,0
tran_004011,2
tran_004012,2
tran_004013,5
tran_004014,2
tran_004015,0
tran_004016,0
tran_004017,0
tran_004018,0
tran_004019,0
tran_004020,0
tran_004021,0
tran_004022,0
tran_004023,0
tran_004024,0
tran_004025,0
tran_004026,0
tran_004027,0
tran_004028,0
tran_004029,0
tran_004030,0
tran_004031,0
tran_004032,2
tran_004033,0
tran_004034,0
tran_004035,0
tran_004036,0
tran_004037,0
tran_004038,0
tran_004039,0
tran_004040,0
tran_004041,0
tran_004042,0
tran_004043,0
tran_004044,0
tran_004045,0
tran_004046,0
tran_004047,0
tran_004048,0
tran_004049,0
tran_004050,0
tran_004051,3
tran_004052,0
tran_004053,0
tran_004054,3
tran_004055,0
tran_004056,0
tran_004057,0
tran_004058,0
tran_004059,0
tran_004060,0
tran_004061,0
tran_004062,0
tran_004063,0
tran_004064,0
tran_004065,0
tran_004066,0
tran_004067,0
tran_004068,0
tran_004069,0
tran_004070,0
tran_004071,0
tran_004072,0
tran_004073,0
tran_004074,0
tran_004075,0
tran_004076,0
tran_004077,0
tran_004078,0
tran_004079,0
tran_004080,0
tran_004081,0
tran_004082,0
tran_004083,0
tran_004084,0
tran_004085,0
tran_004086,0
tran_004087,0
tran_004088,0
tran_004089,0
tran_004090,0
tran_004091,0
tran_004092,0
tran_004093,0
tran_004094,2
tran_004095,0
tran_004096,0
tran_004097,5
tran_004098,0
tran_004099,0
tran_004100,0
tran_004101,0
tran_004102,0
tran_004103,0
tran_004104,0
tran_004105,0
tran_004106,0
tran_004107,0
tran_004108,0
tran_004109,0
tran_004110,0
tran_004111,0
tran_004112,0
tran_004113,0
tran_004114,3
tran_004115,0
tran_004116,0
tran_004117,3
tran_004118,0
tran_004119,0
tran_004120,0
tran_004121,0
tran_004122,0
tran_004123,0
tran_004124,0
tran_004125,0
tran_004126,0
tran_004127,0
tran_004128,0
tran_004129,0
tran_004130,0
tran_004131,0
tran_004132,7
tran_004133,0
tran_004134,0
tran_004135,0
tran_004136,3
tran_004137,0
tran_004138,0
tran_004139,0
tran_004140,0
tran_004141,0
tran_004142,0
tran_004143,0
tran_004144,0
tran_004145,0
tran_004146,0
tran_004147,2
tran_004148,0
tran_004149,0
tran_004150,0
tran_004151,3
tran_004152,0
tran_004153,0
tran_004154,2
tran_004155,0
tran_004156,0
tran_004157,0
tran_004158,0
tran_004159,0
tran_004160,0
tran_004161,0
tran_004162,0
tran_004163,2
tran_004164,0
tran_004165,0
tran_004166,0
tran_004167,0
tran_004168,0
tran_004169,0
tran_004170,5
tran_004171,0
tran_004172,0
tran_004173,0
tran_004174,0
tran_004175,0
tran_004176,0
tran_004177,0
tran_004178,0
tran_004179,0
tran_004180,0
tran_004181,0
tran_004182,0
tran_004183,0
tran_004184,0
tran_004185,0
tran_004186,0
tran_004187,0
tran_004188,0
tran_004189,0
tran_004190,0
tran_004191,0
tran_004192,0
tran_004193,0
tran_004194,0
tran_004195,0
tran_004196,0
tran_004197,0
tran_004198,0
tran_004199,0
tran_004200,0
tran_004201,0
tran_004202,0
tran_004203,0
tran_004204,0
tran_004205,0
tran_004206,0
tran_004207,0
tran_004208,0
tran_004209,0
tran_004210,0
tran_004211,0
tran_004212,3
tran_004213,0
tran_004214,3
tran_004215,0
tran_004216,0
tran_004217,0
tran_004218,0
tran_004219,0
tran_004220,0
tran_004221,0
tran_004222,0
tran_004223,0
tran_004224,3
tran_004225,0
tran_004226,0
tran_004227,0
tran_004228,0
tran_004229,3
tran_004230,0
tran_004231,0
tran_004232,0
tran_004233,0
tran_004234,0
tran_004235,0
tran_004236,1
tran_004237,0
tran_004238,0
tran_004239,0
tran_004240,0
tran_004241,0
tran_004242,0
tran_004243,0
tran_004244,0
tran_004245,0
tran_004246,0
tran_004247,0
tran_004248,0
tran_004249,0
tran_004250,0
tran_004251,0
tran_004252,0
tran_004253,0
tran_004254,0
tran_004255,0
tran_004256,0
tran_004257,0
tran_004258,0
tran_004259,0
tran_004260,0
tran_004261,0
tran_004262,2
tran_004263,0
tran_004264,0
tran_004265,0
tran_004266,0
tran_004267,0
tran_004268,0
tran_004269,0
tran_004270,0
tran_004271,0
tran_004272,0
tran_004273,0
tran_004274,3
tran_004275,0
tran_004276,0
tran_004277,0
tran_004278,2
tran_004279,0
tran_004280,0
tran_004281,0
tran_004282,0
tran_004283,0
tran_004284,0
tran_004285,3
tran_004286,0
tran_004287,0
tran_004288,0
tran_004289,0
tran_004290,0
tran_004291,0
tran_004292,0
tran_004293,0
tran_004294,0
tran_004295,0
tran_004296,0
tran_004297,0
tran_004298,0
tran_004299,0
tran_004300,0
tran_004301,0
tran_004302,0
tran_004303,0
tran_004304,0
tran_004305,0
tran_004306,0
tran_004307,0
tran_004308,0
tran_004309,0
tran_004310,0
tran_004311,0
tran_004312,0
tran_004313,0
tran_004314,0
tran_004315,2
tran_004316,1
tran_004317,0
tran_004318,0
tran_004319,0
tran_004320,0
tran_004321,0
tran_004322,0
tran_004323,0
tran_004324,0
tran_004325,0
tran_004326,0
tran_004327,0
tran_004328,0
tran_004329,0
tran_004330,0
tran_004331,0
tran_004332,0
tran_004333,5
tran_004334,0
tran_004335,0
tran_004336,0
tran_004337,0
tran_004338,0
tran_004339,0
tran_004340,0
tran_004341,0
tran_004342,0
tran_004343,0
tran_004344,0
tran_004345,0
tran_004346,0
tran_004347,0
tran_004348,0
tran_004349,0
tran_004350,0
tran_004351,0
tran_004352,0
tran_004353,0
tran_004354,5
tran_004355,0
tran_004356,0
tran_004357,0
tran_004358,0
tran_004359,0
tran_004360,0
tran_004361,0
tran_004362,0
tran_004363,0
tran_004364,0
tran_004365,3
tran_004366,0
tran_004367,0
tran_004368,0
tran_004369,0
tran_004370,0
tran_004371,0
tran_004372,0
tran_004373,0
tran_004374,0
tran_004375,0
tran_004376,0
tran_004377,0
tran_004378,0
tran_004379,0
tran_004380,0
tran_004381,0
tran_004382,0
tran_004383,0
tran_004384,0
tran_004385,0
tran_004386,0
tran_004387,0
tran_004388,0
tran_004389,0
tran_004390,0
tran_004391,0
tran_004392,0
tran_004393,0
tran_004394,0
tran_004395,0
tran_004396,0
tran_004397,0
tran_004398,0
tran_004399,3
tran_004400,0
tran_004401,0
tran_004402,6
tran_004403,0
tran_004404,0
tran_004405,0
tran_004406,0
tran_004407,0
tran_004408,0
tran_004409,3
tran_004410,0
tran_004411,0
tran_004412,0
tran_004413,0
tran_004414,5
tran_004415,0
tran_004416,3
tran_004417,0
tran_004418,0
tran_004419,0
tran_004420,0
tran_004421,3
tran_004422,0
tran_004423,0
tran_004424,0
tran_004425,0
tran_004426,0
tran_004427,0
tran_004428,0
tran_004429,0
tran_004430,0
tran_004431,0
tran_004432,0
tran_004433,0
tran_004434,0
tran_004435,0
tran_004436,0
tran_004437,0
tran_004438,0
tran_004439,0
tran_004440,0
tran_004441,0
tran_004442,0
tran_004443,0
tran_004444,0
tran_004445,3
tran_004446,0
tran_004447,0
tran_004448,0
tran_004449,0
tran_004450,2
tran_004451,0
tran_004452,0
tran_004453,3
tran_004454,0
tran_004455,0
tran_004456,5
tran_004457,0
tran_004458,0
tran_004459,0
tran_004460,0
tran_004461,0
tran_004462,0
tran_004463,0
tran_004464,2
tran_004465,0
tran_004466,0
tran_004467,0
tran_004468,0
tran_004469,0
tran_004470,0
tran_004471,0
tran_004472,3
